<cc_char><color r="ccSkinColor" oc="0xFFE1C4">0xCA9050</color><color r="ccEyeLib">0xCA9050</color><color r="ccEyeIris">0x000000</color><color r="ccGlassesFrame">0x602B00</color><color r="ccGlassesLens">0x1F6490</color><color r="ccMouthLip">0xA7461C</color><color r="ccMustache">0x360202</color><color r="ccBeard">0xC29B22</color><color r="ccEyebrow">0x000000</color><color r="ccHairMajor">0x333333</color><color r="ccHairMinor">0x000000</color><color r="ccUpperMain" oc="0x336699">0x404040</color><color r="ccUpperMinor" oc="0xE5E5E5">0x0066CC</color><color r="ccLowerMain" oc="0xCCBC9A">0x404040</color><color r="ccLowerMinor" oc="0xEEEEEE">0x333333</color><component type="bodyshape" component_id="adam" theme_id="family" x="0" y="0" xscale="1" yscale="1" offset="0" rotation="0" gobucks="0" gopoints="0"/><component type="skeleton" component_id="adam_001" theme_id="family" x="0" y="0" xscale="1" yscale="1" offset="0" rotation="0" gobucks="0" gopoints="0"/><component type="lower_body" component_id="adam_001" theme_id="family" x="0" y="0" xscale="1" yscale="1" offset="0" rotation="0" gobucks="10" gopoints="0"/><component type="eye" component_id="003" theme_id="family" x="-1" y="-3" xscale="0.84" yscale="0.84" offset="-5" rotation="0" gobucks="10" gopoints="0"/><component type="faceshape" component_id="021" theme_id="family" x="0" y="0" xscale="1" yscale="1" offset="0" rotation="0" gobucks="10" gopoints="0"/><component type="hair" component_id="010" theme_id="family" x="3" y="-9" xscale="0.88" yscale="0.88" offset="0" rotation="0" gobucks="10" gopoints="0"/><component type="ear" component_id="003" theme_id="family" x="-5" y="1" xscale="1.38" yscale="1.38" offset="0" rotation="0" gobucks="10" gopoints="0"/><component type="mouth" component_id="101" theme_id="family" x="0" y="-1" xscale="1.13" yscale="1.13" offset="0" rotation="0" gobucks="10" gopoints="0"/><component type="nose" component_id="007" theme_id="family" x="-1" y="0" xscale="1" yscale="1" offset="0" rotation="0" gobucks="10" gopoints="0"/><component type="upper_body" component_id="adam_003" theme_id="family" x="0" y="0" xscale="1" yscale="1" offset="0" rotation="0" gobucks="10" gopoints="0"/><component type="eyebrow" component_id="004" theme_id="family" x="-2" y="6" xscale="1" yscale="1" offset="-3" rotation="-1" gobucks="10" gopoints="0"/></cc_char>