<?xml version="1.0" encoding="utf-8"?>
<theme id="ugc" name="ugc">
    <prop subtype="0" id="17516922.jpg" name="office_pantry" enable="Y" holdable="0" headable="0" placeable="1" facing="left" width="0" height="0" duration="0" enc_asset_id="0twrdk9M4lls" signature="vL2L0+fjNMwfFMh7UsiCqA4gMpmqB8pGhd76guyMALHQ98+TDv7mt8_SN1qpttsjw4sJCRxdd9ZtjGSxOWHhkvFBUwr+7ZmYDUqAA_QCqiEg7erCx8vVtAq6TtlvRQP0hYRc2TN9Ucd6RkonJGL7fPCa3KeTmQpbv+5edJ1hLGhtehQBk_QvjvchGpug=="/>
<char id="15748198" name="Untitled" cc_theme_id="family" thumbnail_url="/char-default.png" copyable="Y"><tags></tags></char><char id="15748198" name="Untitled" cc_theme_id="family" thumbnail_url="/char-default.png" copyable="Y"><tags></tags></char><char id="15748198" name="Untitled" cc_theme_id="family" thumbnail_url="/char-default.png" copyable="Y"><tags></tags></char><char id="15748198" name="Untitled" cc_theme_id="family" thumbnail_url="/char-default.png" copyable="Y"><tags></tags></char><char id="15748198" name="Untitled" cc_theme_id="family" thumbnail_url="/char-default.png" copyable="Y"><tags></tags></char><char id="15748198" name="Untitled" cc_theme_id="family" thumbnail_url="/char-default.png" copyable="Y"><tags></tags></char><char id="15748198" name="Untitled" cc_theme_id="family" thumbnail_url="/char-default.png" copyable="Y"><tags></tags></char><char id="15748198" name="Untitled" cc_theme_id="family" thumbnail_url="/char-default.png" copyable="Y"><tags></tags></char><char id="15748198" name="Untitled" cc_theme_id="family" thumbnail_url="/char-default.png" copyable="Y"><tags></tags></char></theme>